epoch,score,best_score,mode,action,target_layer,target_block,reason,growth_detail,step_score,depth_score,width_score,primitive_score,seconds,train_block_mse,train_block_cos,train_delta_mse,train_delta_cos,train_norm_mse,train_norm_cos,val_block_mse,val_block_cos,val_delta_mse,val_delta_cos,val_norm_mse,val_norm_cos
1,0.0021323555062214795,0.0021323555062214795,EXPLOIT,sharpen,-1,-1,significant_best,none,0.0,0.0,0.0,0.0,17.058122396469116,0.6828418254852295,0.9181371415654819,0.6828418247401714,0.5911768431620051,0.11389073971658945,0.9426585584878922,0.2418896920979023,0.9569687604904175,0.24188969433307647,0.8475831836462021,0.07363595180213452,0.9625081300735474
2,0.06369939365734659,0.06369939365734659,EXPLOIT,sharpen,-1,-1,significant_best,none,0.0,0.0,0.0,0.0,16.531373023986816,0.19011795942982038,0.9588392967979114,0.19011795880893867,0.8682044669985771,0.06877574197327098,0.9650012786189716,0.15932552814483641,0.9604852288961411,0.15932552739977837,0.8796083450317382,0.062214395590126516,0.9683934539556504
3,0.08325649314622084,0.08325649314622084,EXPLOIT,sharpen,-1,-1,significant_best,none,0.0,0.0,0.0,0.0,16.2164945602417,0.14592618395884832,0.9617029964923859,0.14592618358631929,0.8874917154510816,0.0541492648422718,0.9725472534696261,0.13912068381905557,0.9626821160316468,0.13912068158388138,0.8923081964254379,0.048594122752547264,0.9754020780324936
4,0.09490387550244732,0.09490387550244732,EXPLOIT,sharpen,-1,-1,significant_best,none,0.0,0.0,0.0,0.0,16.41591453552246,0.13197473312417665,0.9646466727058093,0.13197473300000032,0.8981895178556443,0.04468961947908004,0.9774007499217987,0.126800324767828,0.9661097526550293,0.12680032402276992,0.902361598610878,0.04165114890784025,0.9789541095495224
5,0.0979926419556141,0.0979926419556141,EXPLOIT,sharpen,-1,-1,significant_best,none,0.0,0.0,0.0,0.0,16.674409866333008,0.12518835539619128,0.9666119123498599,0.12518835601707298,0.9036901618043581,0.039765803267558415,0.9799165611465772,0.12426608242094517,0.9670006513595581,0.1242660827934742,0.9044663846492768,0.03835083208978176,0.9806382983922959
6,0.10076887093981107,0.10076887093981107,EXPLOIT,sharpen,-1,-1,significant_best,none,0.0,0.0,0.0,0.0,16.452651023864746,0.12283162816117207,0.9673213506738345,0.1228316280990839,0.9056206961472829,0.03723458669458826,0.9812072311838468,0.12120296992361546,0.9676806956529618,0.12120297141373157,0.9068798065185547,0.03626774400472641,0.981699675321579
7,0.10300034476568304,0.10300034476568304,EXPLOIT,sharpen,-1,-1,significant_best,none,0.0,0.0,0.0,0.0,16.760518312454224,0.1197415528818965,0.9680788899461429,0.11974155368904273,0.9080871080358823,0.035376421827822926,0.9821536819140116,0.11895765699446201,0.9683328568935394,0.11895765773952008,0.9087473660707474,0.034449945949018,0.982625275850296
8,0.10434888159732024,0.10434888159732024,WAIT,noop,-1,-1,normal,none,0.0,0.0,0.0,0.0,16.66131043434143,0.11807040236890316,0.9685145899653435,0.11807040218263865,0.909440474708875,0.033855717691282435,0.9829275225599606,0.11743059121072293,0.9687294363975525,0.11743059158325195,0.9099332958459854,0.033387134224176405,0.9831658244132996
9,0.10640834024051825,0.10640834024051825,EXPLOIT,sharpen,-1,-1,significant_best,none,0.0,0.0,0.0,0.0,16.61782693862915,0.1163514315461119,0.9689323787887891,0.1163514313598474,0.9108101159334183,0.032756863596538704,0.9834863801797231,0.11514779590070248,0.9692469805479049,0.1151477973908186,0.9118701577186584,0.03216443993151188,0.9837876379489898
10,0.10809834038093687,0.10809834038093687,EXPLOIT,sharpen,-1,-1,significant_best,none,0.0,0.0,0.0,0.0,16.611313819885254,0.11428186744451523,0.9694249684611956,0.11428186713407437,0.912485680480798,0.03183573164666693,0.983954572180907,0.11328203305602073,0.9696331769227982,0.11328203305602073,0.9133495122194291,0.03124251076951623,0.9842558264732361
11,0.10896322133516272,0.10896322133516272,WAIT,noop,-1,-1,normal,none,0.0,0.0,0.0,0.0,16.3668692111969,0.11304085031151771,0.9697116618355115,0.11304085031151771,0.913478929301103,0.030884380685165524,0.984437861541907,0.11250962428748608,0.9698809057474136,0.11250962354242802,0.9138966470956802,0.030396622885018588,0.9846854954957962
12,0.10942556724945705,0.10942556724945705,GROW,add_width,1,2,plateau_head_loss_read_pressure,activated_block_4_in_layer_1,0.25801126969052995,0.24998837335663382,0.41892628507390983,-0.10666554689407348,17.319828033447266,0.11244530448069175,0.9698713357249896,0.11244530435651541,0.9139611055453618,0.030114676523953676,0.984828648964564,0.11215327978134156,0.9698989301919937,0.11215328015387058,0.9142490953207016,0.029775122925639153,0.985001015663147
13,0.11008146251986425,0.11008146251986425,EXPLOIT,sharpen,-1,-1,significant_best,none,0.25801126969052995,0.24998837335663382,0.41892628507390983,-0.10666554689407348,21.543821811676025,0.11397583062450091,0.9694839586814245,0.11397583006570737,0.9127262905240059,0.030702932892988127,0.9845299844940504,0.11218305304646492,0.9699558287858963,0.11218305304646492,0.9141711860895156,0.029670275934040546,0.9850541949272156
14,0.11067297729477288,0.11067297729477288,WAIT,noop,-1,-1,normal,none,0.25801126969052995,0.24998837335663382,0.41892628507390983,-0.10666554689407348,28.124268531799316,0.11205587219446897,0.9699660743276278,0.11205587200820447,0.9142897213498752,0.02936094466907283,0.9852111806472142,0.11150244809687138,0.9701847463846207,0.11150244846940041,0.9146927982568741,0.028882861789315938,0.9854537755250931
15,0.11134802358349166,0.11134802358349166,GROW,add_width,3,0,plateau_head_loss_read_pressure,activated_block_4_in_layer_3,0.30494354430560555,0.2644326852082265,0.3989870928285859,-0.1445126348733902,17.336484909057617,0.11133512953917185,0.9701642016569774,0.11133512941499552,0.9148515616854032,0.028811103121067088,0.9854901229341825,0.11059155762195587,0.9703578740358353,0.11059155762195587,0.9154842227697373,0.02848590537905693,0.9856550335884094
16,0.11216610567892592,0.11216610567892592,EXPLOIT,sharpen,-1,-1,significant_best,none,0.30494354430560555,0.2644326852082265,0.3989870928285859,-0.1445126348733902,16.868077754974365,0.11215130568792422,0.9699502771099409,0.11215130556374789,0.9142251928647359,0.029644394184773167,0.9850673213601112,0.10984271392226219,0.9705741941928864,0.10984271392226219,0.9160136580467224,0.02864400139078498,0.9855748504400254
17,0.11379125160227219,0.11379125160227219,EXPLOIT,sharpen,-1,-1,significant_best,none,0.30494354430560555,0.2644326852082265,0.3989870928285859,-0.1445126348733902,17.30622410774231,0.10914391757299503,0.9706809868415197,0.1091439176350832,0.9166060666243235,0.028334131774803,0.9857319916288058,0.10818852409720421,0.9709743708372116,0.10818852297961712,0.9173478454351425,0.02787690106779337,0.9859638929367065
18,0.11456563279901942,0.11456563279901942,WAIT,noop,-1,-1,normal,none,0.30494354430560555,0.2644326852082265,0.3989870928285859,-0.1445126348733902,16.967449188232422,0.10791571817050377,0.9709962020317714,0.1079157181084156,0.9175567676623663,0.027751432095343868,0.986027484635512,0.10735985450446606,0.9711024910211563,0.10735985487699509,0.9179848909378052,0.02750599952414632,0.9861519277095795
19,0.11521245544900498,0.11521245544900498,GROW,add_width,2,0,plateau_head_loss_read_pressure,activated_block_4_in_layer_2,0.335294491475402,0.32338328606694045,0.4004301195285312,-0.1447253945469856,17.388061046600342,0.10724420802046855,0.9711608792344729,0.1072442077100277,0.9180913478136062,0.027392504069333277,0.9862094283103943,0.10671532787382602,0.9712338775396347,0.10671532861888408,0.918487823009491,0.02714324165135622,0.9863358438014984
20,0.11538211628670494,0.11538211628670494,EXPLOIT,sharpen,-1,-1,significant_best,none,0.335294491475402,0.32338328606694045,0.4004301195285312,-0.1447253945469856,16.887953519821167,0.10776062073806922,0.9710255801677704,0.10776062042762836,0.9177134732405344,0.027679533154393237,0.9860638802250227,0.10654798150062561,0.9714018076658248,0.10654798187315465,0.9187504887580872,0.026961636263877153,0.9864277869462967
21,0.11567814117545884,0.11567814117545884,WAIT,noop,-1,-1,normal,none,0.335294491475402,0.32338328606694045,0.4004301195285312,-0.1447253945469856,16.98304772377014,0.10640170679738124,0.9713950435320536,0.10640170654902856,0.9187979320685069,0.026937476561094322,0.9864400928219159,0.10613547712564468,0.9713246166706085,0.10613547824323177,0.9189564138650894,0.02690521301701665,0.9864564776420593
22,0.11739009281744563,0.11739009281744563,EXPLOIT,sharpen,-1,-1,significant_best,none,0.335294491475402,0.32338328606694045,0.4004301195285312,-0.1447253945469856,17.032006978988647,0.10493224437038104,0.9717356984814008,0.10493224418411652,0.9199535970886549,0.026725232616687813,0.9865476330121358,0.10394426211714744,0.9719003826379776,0.10394426137208938,0.9206965506076813,0.026540827937424183,0.9866410821676255
23,0.11835841190442443,0.11835841190442443,WAIT,noop,-1,-1,normal,none,0.335294491475402,0.32338328606694045,0.4004301195285312,-0.1447253945469856,16.590206146240234,0.10333337852110465,0.972099810341994,0.10333337852110465,0.9212075293064117,0.026384526366988816,0.9867203007141749,0.10279273167252541,0.9722532391548157,0.10279273167252541,0.9216314315795898,0.026133675407618285,0.9868473410606384
24,0.11870204230273763,0.11870204230273763,GROW,add_width,0,0,plateau_head_loss_read_pressure,activated_block_4_in_layer_0,0.2371409137413059,0.2674135350229213,0.41046305349203666,-0.09593150824308394,16.603371143341064,0.10257080992062886,0.9722941751281421,0.10257080979645253,0.921839972337087,0.026060147769749166,0.9868845790624619,0.10239350870251655,0.9723672032356262,0.10239350907504559,0.9219966799020767,0.0259551796130836,0.9869377344846726
25,0.11820651198799415,0.11870204230273763,WAIT,noop,-1,-1,normal,none,0.2371409137413059,0.2674135350229213,0.41046305349203666,-0.09593150824308394,16.322495937347412,0.10634605878343185,0.9712471306324005,0.10634605909387271,0.918825184305509,0.028144770565753183,0.9858273113767306,0.1024520866572857,0.9723725080490112,0.10245208591222763,0.9219292581081391,0.0259136070497334,0.9869588702917099
26,0.11880892886842291,0.11880892886842291,GROW,add_width,1,2,plateau_head_loss_read_pressure,activated_block_5_in_layer_1,0.18958659225771704,0.24384522603193204,0.334322998433498,-0.06531818151473999,16.989533185958862,0.10186919569969177,0.9724730347593625,0.10186919576177994,0.9223618512352307,0.025749343121424316,0.9870420013864835,0.10167504325509072,0.9723253071308136,0.10167504362761974,0.9225122988224029,0.0256812441162765,0.9870764642953873
27,0.12009276536355416,0.12009276536355416,EXPLOIT,sharpen,-1,-1,significant_best,none,0.18958659225771704,0.24384522603193204,0.334322998433498,-0.06531818151473999,16.32801103591919,0.10309744949142138,0.9721526245276133,0.10309744949142138,0.9213956152399381,0.026522749693443377,0.9866503233710925,0.1008367195725441,0.9728113412857056,0.1008367195725441,0.9231112152338028,0.025362577103078366,0.9872380197048187
28,0.12091280028472345,0.12091280028472345,WAIT,noop,-1,-1,normal,none,0.18958659225771704,0.24384522603193204,0.334322998433498,-0.06531818151473999,16.246885061264038,0.10041337013244629,0.9728470216194789,0.10041337050497531,0.9235665639241536,0.025158948823809625,0.9873410761356354,0.09992072433233261,0.9730017185211182,0.09992072433233261,0.9238807946443558,0.025247163139283657,0.9872963547706604
29,0.12190555686379474,0.12190555686379474,EXPLOIT,sharpen,-1,-1,significant_best,none,0.18958659225771704,0.24384522603193204,0.334322998433498,-0.06531818151473999,16.458768129348755,0.09924509866784016,0.9731341734528541,0.09924509854366383,0.9244805783033371,0.02492350231235226,0.9874602640668552,0.09873793423175811,0.9732516884803772,0.09873793423175811,0.92483369410038,0.024935019295662643,0.9874543249607086
30,0.12242944020777943,0.12242944020777943,WAIT,noop,-1,-1,normal,none,0.18958659225771704,0.24384522603193204,0.334322998433498,-0.06531818151473999,16.975944757461548,0.09834946536769469,0.9733438268303871,0.09834946524351836,0.9252083246906598,0.024706487419704597,0.9875700463851292,0.09818126074969769,0.9733582615852356,0.09818126074969769,0.925307708978653,0.02466703075915575,0.9875900477170945
31,0.12308248842880132,0.12308248842880132,GROW,add_depth,1,2,plateau_head_loss_read_pressure,activated_layer_4_at_order_2_ref_2,0.2611347494877112,0.33764501140296416,0.25574339864268836,-0.059678877294063556,16.67052698135376,0.09766112435609102,0.9735103651881218,0.09766112466653189,0.9257388606667518,0.024473365660135946,0.9876880660653115,0.09739497005939483,0.973528578877449,0.09739497005939483,0.9258800685405731,0.02442212840542197,0.9877139866352082
32,0.12333668413013221,0.12333668413013221,WAIT,noop,-1,-1,normal,none,0.2611347494877112,0.33764501140296416,0.25574339864268836,-0.059678877294063556,19.96384072303772,0.09745143341521421,0.9735444237788519,0.09745143329103788,0.9258935784300169,0.02447657429923614,0.9876864224672317,0.09703318066895009,0.9735783815383912,0.09703318066895009,0.9261920273303985,0.024228127859532832,0.9878121674060821
33,0.12373541955028972,0.12373541955028972,EXPLOIT,sharpen,-1,-1,significant_best,none,0.2611347494877112,0.33764501140296416,0.25574339864268836,-0.059678877294063556,20.079058408737183,0.09671197601904472,0.9737368851900101,0.09671197601904472,0.9264970600605011,0.024098231829702853,0.9878779162963232,0.09655851162970067,0.9737453848123551,0.0965585108846426,0.9266206622123718,0.023958373907953502,0.9879487305879593
34,0.12413212745885055,0.12413212745885055,WAIT,noop,-1,-1,normal,none,0.2611347494877112,0.33764501140296416,0.25574339864268836,-0.059678877294063556,20.154372692108154,0.09625149065007767,0.9738259797294935,0.096251490774254,0.9268335883816083,0.023925979249179365,0.9879650920629501,0.09598090909421444,0.9737611830234527,0.09598090834915637,0.9270101189613342,0.023841333761811256,0.9880079478025436
35,0.1243412180195252,0.1243412180195252,GROW,add_depth,1,2,plateau_head_loss_read_pressure,activated_layer_5_at_order_2_ref_4,0.2558478068991494,0.27877541478439455,0.2478325079424927,-0.05966266401112079,20.131999254226685,0.09590716976672412,0.9739058916767438,0.0959071695804596,0.9270954901973406,0.02379311725186805,0.988032321135203,0.09575189054012298,0.9739505887031555,0.09575189016759396,0.9272486478090286,0.023663462698459627,0.9880978614091873
36,0.12462713460003337,0.12462713460003337,WAIT,noop,-1,-1,normal,none,0.2558478068991494,0.27877541478439455,0.2478325079424927,-0.05966266401112079,23.119656085968018,0.09553890886406104,0.9739971260229746,0.09553890867779652,0.9273523588975271,0.023704334472616512,0.9880772272745768,0.09511498548090458,0.9739940881729126,0.09511498585343361,0.9276992470026016,0.02359686465933919,0.9881316095590591
37,0.12533750417952735,0.12533750417952735,EXPLOIT,sharpen,-1,-1,significant_best,none,0.2558478068991494,0.27877541478439455,0.2478325079424927,-0.05966266401112079,22.787137031555176,0.09482627008110285,0.9741505861282349,0.09482627032945554,0.9279744148254394,0.02358056539669633,0.9881398503979048,0.09423076063394546,0.9743248343467712,0.0942307610064745,0.9284211546182632,0.023431777488440275,0.9882150590419769
38,0.12573591095705827,0.12573591095705827,WAIT,noop,-1,-1,normal,none,0.2558478068991494,0.27877541478439455,0.2478325079424927,-0.05966266401112079,22.997765064239502,0.09400980025529862,0.9743404174844424,0.09400979994485775,0.9286349614461263,0.023421430339415867,0.9882203544179599,0.09366194121539592,0.9743643432855607,0.0936619408428669,0.9288023889064789,0.023352735489606858,0.9882550656795501
39,0.12596668211122355,0.12596668211122355,GROW,add_width,0,2,plateau_head_loss_read_pressure,activated_block_5_in_layer_0,0.2177928029899714,0.13233323893325194,0.31445840448050855,-0.12106344908475875,23.419620513916016,0.0932306952153643,0.9745200380682946,0.09323069540162882,0.9291992430885633,0.023248697988068064,0.9883077338337898,0.09332996793091297,0.9746606826782227,0.093329968303442,0.9291536003351212,0.02334566041827202,0.9882587164640426
40,0.12553901228805384,0.12596668211122355,WAIT,noop,-1,-1,normal,none,0.2177928029899714,0.13233323893325194,0.31445840448050855,-0.12106344908475875,23.512158632278442,0.09690154505272706,0.9735034525394439,0.09690154492855071,0.9263365179300308,0.025276217656210066,0.987280893822511,0.09345667697489261,0.9743855953216553,0.09345667585730552,0.9289887219667434,0.02346412166953087,0.988198670744896
41,0.12632795582711695,0.12632795582711695,GROW,add_width,0,2,plateau_head_loss_read_pressure,activated_block_6_in_layer_0,0.22805158687322902,0.14871616111680958,0.24054814784575415,-0.1378292915225029,22.73598051071167,0.09282515787829955,0.9746132582426071,0.09282515831291675,0.9295028860370318,0.023205001077925166,0.9883298516273499,0.09254175834357739,0.9747468531131744,0.09254175759851932,0.9297955304384231,0.023178907856345177,0.9883431196212769
42,0.12667850926518442,0.12667850926518442,WAIT,noop,-1,-1,normal,none,0.22805158687322902,0.14871616111680958,0.24054814784575415,-0.1378292915225029,23.08143663406372,0.09228558354079723,0.9747445563475291,0.09228558347870906,0.9299361894528071,0.02307837240708371,0.9883938575784366,0.09211264662444592,0.9746118485927582,0.09211264774203301,0.9301299005746841,0.02297125495970249,0.9884480565786362
43,0.12737649120514594,0.12737649120514594,EXPLOIT,sharpen,-1,-1,significant_best,none,0.22805158687322902,0.14871616111680958,0.24054814784575415,-0.1378292915225029,23.07968235015869,0.09158179468164841,0.974916868408521,0.09158179499208927,0.9305324320991833,0.022954997885972262,0.9884562760591507,0.0911908619105816,0.9749535143375396,0.09119086116552352,0.9308482676744461,0.022917557042092085,0.9884751617908478
44,0.12815203205744427,0.12815203205744427,WAIT,noop,-1,-1,normal,none,0.22805158687322902,0.14871616111680958,0.24054814784575415,-0.1378292915225029,23.512866973876953,0.09067641540120046,0.975110241274039,0.09067641577372948,0.931236765285333,0.022755913203582168,0.9885569458206495,0.0902663603425026,0.9752281755208969,0.09026635996997356,0.931525981426239,0.02264471985399723,0.9886131972074509
45,0.12870073912044366,0.12870073912044366,GROW,add_width,1,5,plateau_head_loss_read_pressure,activated_block_6_in_layer_1,0.21065843051938693,0.16515208341977683,0.22319360091813364,-0.06057961463928223,23.996867179870605,0.09002727468808493,0.9752597595254581,0.09002727487434943,0.9317153677344322,0.022589432510236897,0.98864117115736,0.08966290950775146,0.9753829896450043,0.08966291025280952,0.932026007771492,0.02236001305282116,0.9887571543455124
